[
  { "en": "Bulbasaur", "fr": "Bulbizarre", "img": "001", "drop": 0.7 },
  { "en": "Ivysaur", "fr": "Herbizarre", "img": "002", "drop": 0.6 },
  { "en": "Venusaur", "fr": "Florizarre", "img": "003", "drop": 0.5, "mega": "003_f2", "giga": "003_f3" },
  { "en": "Charmander", "fr": "Salamèche", "img": "004", "drop": 0.7 },
  { "en": "Charmeleon", "fr": "Reptincel", "img": "005", "drop": 0.6 },
  { "en": "Charizard", "fr": "Dracaufeu", "img": "006", "drop": 0.5, "megax": "006_f2", "megay": "006_f3", "giga": "006_f4" },
  { "en": "Squirtle", "fr": "Carapuce", "img": "007", "drop": 0.7 },
  { "en": "Wartortle", "fr": "Carabaffe", "img": "008", "drop": 0.6 },
  { "en": "Blastoise", "fr": "Tortank", "img": "009", "drop": 0.5, "mega": "009_f2" },
  { "en": "Caterpie", "fr": "Chenipan", "img": "010", "drop": 1 },
  { "en": "Metapod", "fr": "Chrysacier", "img": "011", "drop": 0.9 },
  { "en": "Butterfree", "fr": "Papilusion", "img": "012", "drop": 0.8 },
  { "en": "Weedle", "fr": "Aspicot", "img": "013", "drop": 1 },
  { "en": "Kakuna", "fr": "Coconfort", "img": "014", "drop": 0.9 },
  { "en": "Beedrill", "fr": "Dardargnan", "img": "015", "drop": 0.8, "mega": "015_f2" },
  { "en": "Pidgey", "fr": "Roucool", "img": "016", "drop": 1 },
  { "en": "Pidgeotto", "fr": "Roucoups", "img": "017", "drop": 0.9 },
  { "en": "Pidgeot", "fr": "Roucarnage", "img": "018", "drop": 0.8, "mega": "018_f2" },
  { "en": "Rattata", "fr": "Rattata", "img": "019", "drop": 1, "alolan": "019_f2" },
  { "en": "Raticate", "fr": "Rattatac", "img": "020", "drop": 0.9, "alolan": "020_f2" },
  { "en": "Spearow", "fr": "Piafabec", "img": "021", "drop": 1 },
  { "en": "Fearow", "fr": "Rapasdepic", "img": "022", "drop": 0.9 },
  { "en": "Ekans", "fr": "Abo", "img": "023", "drop": 1 },
  { "en": "Arbok", "fr": "Arbok", "img": "024", "drop": 0.9 },
  { "en": "Pikachu", "fr": "Pikachu", "img": "025", "drop": 0.9 },
  { "en": "Raichu", "fr": "Raichu", "img": "026", "drop": 0.8, "alolan": "026_f2" },
  { "en": "Sandshrew", "fr": "Sabelette", "img": "027", "drop": 1, "alolan": "027_f2" },
  { "en": "Sandslash", "fr": "Sablaireau", "img": "028", "drop": 0.9, "alolan": "028_f2" },
  { "en": "Nidoran♀", "fr": "Nidoran♀", "img": "029", "drop": 1 },
  { "en": "Nidorina", "fr": "Nidorina", "img": "030", "drop": 0.9 },
  { "en": "Nidoqueen", "fr": "Nidoqueen", "img": "031", "drop": 0.8 },
  { "en": "Nidoran♂", "fr": "Nidoran♂", "img": "032", "drop": 1 },
  { "en": "Nidorino", "fr": "Nidorino", "img": "033", "drop": 0.9 },
  { "en": "Nidoking", "fr": "Nidoking", "img": "034", "drop": 0.8 },
  { "en": "Clefairy", "fr": "Mélofée", "img": "035", "drop": 0.9 },
  { "en": "Clefable", "fr": "Mélodelfe", "img": "036", "drop": 0.8 },
  { "en": "Vulpix", "fr": "Goupix", "img": "037", "drop": 1, "alolan": "037_f2" },
  { "en": "Ninetales", "fr": "Feunard", "img": "038", "drop": 0.9, "alolan": "038_f2" },
  { "en": "Jigglypuff", "fr": "Rondoudou", "img": "039", "drop": 0.9 },
  { "en": "Wigglytuff", "fr": "Grodoudou", "img": "040", "drop": 0.8 },
  { "en": "Zubat", "fr": "Nosferapti", "img": "041", "drop": 1 },
  { "en": "Golbat", "fr": "Nosferalto", "img": "042", "drop": 0.9 },
  { "en": "Oddish", "fr": "Mystherbe", "img": "043", "drop": 1 },
  { "en": "Gloom", "fr": "Ortide", "img": "044", "drop": 0.9 },
  { "en": "Vileplume", "fr": "Rafflesia", "img": "045", "drop": 0.8 },
  { "en": "Paras", "fr": "Paras", "img": "046", "drop": 1 },
  { "en": "Parasect", "fr": "Parasect", "img": "047", "drop": 0.9 },
  { "en": "Venonat", "fr": "Mimitoss", "img": "048", "drop": 1 },
  { "en": "Venomoth", "fr": "Aéromite", "img": "049", "drop": 0.9 },
  { "en": "Diglett", "fr": "Taupiqueur", "img": "050", "drop": 1, "alolan": "050_f2" },
  { "en": "Dugtrio", "fr": "Triopikeur", "img": "051", "drop": 0.9, "alolan": "051_f2" },
  { "en": "Meowth", "fr": "Miaouss", "img": "052", "drop": 1, "alolan": "052_f2", "galarian": "052_f3" },
  { "en": "Persian", "fr": "Persian", "img": "053", "drop": 0.9, "alolan": "053_f2" },
  { "en": "Psyduck", "fr": "Psykokwak", "img": "054", "drop": 1 },
  { "en": "Golduck", "fr": "Akwakwak", "img": "055", "drop": 0.9 },
  { "en": "Mankey", "fr": "Férossinge", "img": "056", "drop": 1 },
  { "en": "Primeape", "fr": "Colossinge", "img": "057", "drop": 0.9 },
  { "en": "Growlithe", "fr": "Caninos", "img": "058", "drop": 1 },
  { "en": "Arcanine", "fr": "Arcanin", "img": "059", "drop": 0.9 },
  { "en": "Poliwag", "fr": "Ptitard", "img": "060", "drop": 1 },
  { "en": "Poliwhirl", "fr": "Têtarte", "img": "061", "drop": 0.9 },
  { "en": "Poliwrath", "fr": "Tartard", "img": "062", "drop": 0.8 },
  { "en": "Abra", "fr": "Abra", "img": "063", "drop": 1 },
  { "en": "Kadabra", "fr": "Kadabra", "img": "064", "drop": 0.9 },
  { "en": "Alakazam", "fr": "Alakazam", "img": "065", "drop": 0.8, "mega": "065_f2" },
  { "en": "Machop", "fr": "Machoc", "img": "066", "drop": 1 },
  { "en": "Machoke", "fr": "Machopeur", "img": "067", "drop": 0.9 },
  { "en": "Machamp", "fr": "Mackogneur", "img": "068", "drop": 0.8 },
  { "en": "Bellsprout", "fr": "Chétiflor", "img": "069", "drop": 1 },
  { "en": "Weepinbell", "fr": "Boustiflor", "img": "070", "drop": 0.9 },
  { "en": "Victreebel", "fr": "Empiflor", "img": "071", "drop": 0.8 },
  { "en": "Tentacool", "fr": "Tentacool", "img": "072", "drop": 1 },
  { "en": "Tentacruel", "fr": "Tentacruel", "img": "073", "drop": 0.9 },
  { "en": "Geodude", "fr": "Racaillou", "img": "074", "drop": 1, "alolan": "074_f2" },
  { "en": "Graveler", "fr": "Gravalanch", "img": "075", "drop": 0.9, "alolan": "075_f2" },
  { "en": "Golem", "fr": "Grolem", "img": "076", "drop": 0.8, "alolan": "076_f2" },
  { "en": "Ponyta", "fr": "Ponyta", "img": "077", "drop": 1, "galarian": "077_f2" },
  { "en": "Rapidash", "fr": "Galopa", "img": "078", "drop": 0.9, "galarian": "078_f2" },
  { "en": "Slowpoke", "fr": "Ramoloss", "img": "079", "drop": 1, "galarian": "079_f2" },
  { "en": "Slowbro", "fr": "Flagadoss", "img": "080", "drop": 0.9, "galarian": "080_f2" },
  { "en": "Magnemite", "fr": "Magnéti", "img": "081", "drop": 1 },
  { "en": "Magneton", "fr": "Magnéton", "img": "082", "drop": 0.9 },
  { "en": "Farfetch'd", "fr": "Canarticho", "img": "083", "drop": 1, "galarian": "083_f2" },
  { "en": "Doduo", "fr": "Doduo", "img": "084", "drop": 1 },
  { "en": "Dodrio", "fr": "Dodrio", "img": "085", "drop": 0.9 },
  { "en": "Seel", "fr": "Otaria", "img": "086", "drop": 1 },
  { "en": "Dewgong", "fr": "Lamantine", "img": "087", "drop": 0.9 },
  { "en": "Grimer", "fr": "Tadmorv", "img": "088", "drop": 1, "alolan": "088_f2" },
  { "en": "Muk", "fr": "Grotadmorv", "img": "089", "drop": 0.9, "alolan": "089_f2" },
  { "en": "Shellder", "fr": "Kokiyas", "img": "090", "drop": 1 },
  { "en": "Cloyster", "fr": "Crustabri", "img": "091", "drop": 0.9 },
  { "en": "Gastly", "fr": "Fantominus", "img": "092", "drop": 1 },
  { "en": "Haunter", "fr": "Spectrum", "img": "093", "drop": 0.9 },
  { "en": "Gengar", "fr": "Ectoplasma", "img": "094", "drop": 0.8, "mega": "094_f2", "giga": "094_f3" },
  { "en": "Onix", "fr": "Onix", "img": "095", "drop": 1 },
  { "en": "Drowzee", "fr": "Soporifik", "img": "096", "drop": 1 },
  { "en": "Hypno", "fr": "Hypnomade", "img": "097", "drop": 0.9 },
  { "en": "Krabby", "fr": "Krabby", "img": "098", "drop": 1 },
  { "en": "Kingler", "fr": "Krabboss", "img": "099", "drop": 0.9 },
  { "en": "Voltorb", "fr": "Voltorbe", "img": "100", "drop": 1 },
  { "en": "Electrode", "fr": "Électrode", "img": "101", "drop": 0.9 },
  { "en": "Exeggcute", "fr": "Noeunoeuf", "img": "102", "drop": 1 },
  { "en": "Exeggutor", "fr": "Noadkoko", "img": "103", "drop": 0.9, "alolan": "103_f2" },
  { "en": "Cubone", "fr": "Osselait", "img": "104", "drop": 1 },
  { "en": "Marowak", "fr": "Ossatueur", "img": "105", "drop": 0.9, "alolan": "105_f2" },
  { "en": "Hitmonlee", "fr": "Kicklee", "img": "106", "drop": 0.9 },
  { "en": "Hitmonchan", "fr": "Tygnon", "img": "107", "drop": 0.9 },
  { "en": "Lickitung", "fr": "Excelangue", "img": "108", "drop": 1 },
  { "en": "Koffing", "fr": "Smogo", "img": "109", "drop": 1 },
  { "en": "Weezing", "fr": "Smogogo", "img": "110", "drop": 0.9, "galarian": "110_f2" },
  { "en": "Rhyhorn", "fr": "Rhinocorne", "img": "111", "drop": 1 },
  { "en": "Rhydon", "fr": "Rhinoféros", "img": "112", "drop": 0.9 },
  { "en": "Chansey", "fr": "Leveinard", "img": "113", "drop": 0.9 },
  { "en": "Tangela", "fr": "Saquedeneu", "img": "114", "drop": 1 },
  { "en": "Kangaskhan", "fr": "Kangourex", "img": "115", "drop": 1, "mega": "115_f2" },
  { "en": "Horsea", "fr": "Hypotrempe", "img": "116", "drop": 1 },
  { "en": "Seadra", "fr": "Hypocéan", "img": "117", "drop": 0.9 },
  { "en": "Goldeen", "fr": "Poissirène", "img": "118", "drop": 1 },
  { "en": "Seaking", "fr": "Poissoroy", "img": "119", "drop": 0.9 },
  { "en": "Staryu", "fr": "Stari", "img": "120", "drop": 1 },
  { "en": "Starmie", "fr": "Staross", "img": "121", "drop": 0.9 },
  { "en": "Mr. Mime", "fr": "M. Mime", "img": "122", "drop": 1, "galarian": "122_f2" },
  { "en": "Scyther", "fr": "Insécateur", "img": "123", "drop": 1 },
  { "en": "Jynx", "fr": "Lippoutou", "img": "124", "drop": 0.9 },
  { "en": "Electabuzz", "fr": "lektek", "img": "125", "drop": 0.9 },
  { "en": "Magmar", "fr": "Magmar", "img": "126", "drop": 0.9 },
  { "en": "Pinsir", "fr": "Scarabrute", "img": "127", "drop": 1, "mega": "127_f2" },
  { "en": "Tauros", "fr": "Tauros", "img": "128", "drop": 1 },
  { "en": "Magikarp", "fr": "Magicarpe", "img": "129", "drop": 1 },
  { "en": "Gyarados", "fr": "Léviator", "img": "130", "drop": 0.9, "mega": "130_f2" },
  { "en": "Lapras", "fr": "Lokhlass", "img": "131", "drop": 1, "giga": "131_f2" },
  { "en": "Ditto", "fr": "Métamorph", "img": "132", "drop": 1 },
  { "en": "Eevee", "fr": "Évoli", "img": "133", "drop": 0.5 },
  { "en": "Vaporeon", "fr": "Aquali", "img": "134", "drop": 0.5 },
  { "en": "Jolteon", "fr": "Voltali", "img": "135", "drop": 0.5 },
  { "en": "Flareon", "fr": "Pyroli", "img": "136", "drop": 0.5 },
  { "en": "Porygon", "fr": "Porygon", "img": "137", "drop": 1 },
  { "en": "Omanyte", "fr": "Amonita", "img": "138", "drop": 1 },
  { "en": "Omastar", "fr": "Amonistar", "img": "139", "drop": 0.9 },
  { "en": "Kabuto", "fr": "Kabuto", "img": "140", "drop": 1 },
  { "en": "Kabutops", "fr": "Kabutops", "img": "141", "drop": 0.9 },
  { "en": "Aerodactyl", "fr": "Ptéra", "img": "142", "drop": 1, "mega": "142_f2" },
  { "en": "Snorlax", "fr": "Ronflex", "img": "143", "drop": 1 },
  { "en": "Articuno", "fr": "Artikodin", "img": "144", "drop": 0.05, "galarian": null },
  { "en": "Zapdos", "fr": "Électhor", "img": "145", "drop": 0.05, "galarian": null },
  { "en": "Moltres", "fr": "Sulfura", "img": "146", "drop": 0.05, "galarian": null },
  { "en": "Dratini", "fr": "Minidraco", "img": "147", "drop": 1 },
  { "en": "Dragonair", "fr": "Draco", "img": "148", "drop": 0.9 },
  { "en": "Dragonite", "fr": "Dracolosse", "img": "149", "drop": 0.8 },
  { "en": "Mewtwo", "fr": "Mewtwo", "img": "150", "drop": 0.05, "megax": "150_f2", "megay": "150_f3" },
  { "en": "Mew", "fr": "Mew", "img": "151", "drop": 0.05 },
  { "en": "Chikorita", "fr": "Germignon", "img": "152", "drop": 0.7 },
  { "en": "Bayleef", "fr": "Macronium", "img": "153", "drop": 0.6 },
  { "en": "Meganium", "fr": "Méganium", "img": "154", "drop": 0.5 },
  { "en": "Cyndaquil", "fr": "Héricendre", "img": "155", "drop": 0.7 },
  { "en": "Quilava", "fr": "Feurisson", "img": "156", "drop": 0.6 },
  { "en": "Typhlosion", "fr": "Typhlosion", "img": "157", "drop": 0.5 },
  { "en": "Totodile", "fr": "Kaiminus", "img": "158", "drop": 0.7 },
  { "en": "Croconaw", "fr": "Crocodil", "img": "159", "drop": 0.6 },
  { "en": "Feraligatr", "fr": "Aligatueur", "img": "160", "drop": 0.5 },
  { "en": "Sentret", "fr": "Fouinette", "img": "161", "drop": 1 },
  { "en": "Furret", "fr": "Fouinar", "img": "162", "drop": 0.9 },
  { "en": "Hoothoot", "fr": "Hoothoot", "img": "163", "drop": 1 },
  { "en": "Noctowl", "fr": "Noarfang", "img": "164", "drop": 0.9 },
  { "en": "Ledyba", "fr": "Coxy", "img": "165", "drop": 1 },
  { "en": "Ledian", "fr": "Coxyclaque", "img": "166", "drop": 0.9 },
  { "en": "Spinarak", "fr": "Mimigal", "img": "167", "drop": 1 },
  { "en": "Ariados", "fr": "Migalos", "img": "168", "drop": 0.9 },
  { "en": "Crobat", "fr": "Nostenfer", "img": "169", "drop": 0.8 },
  { "en": "Chinchou", "fr": "Loupio", "img": "170", "drop": 1 },
  { "en": "Lanturn", "fr": "Lanturn", "img": "171", "drop": 0.9 },
  { "en": "Pichu", "fr": "Pichu", "img": "172", "drop": 1 },
  { "en": "Cleffa", "fr": "Mélo", "img": "173", "drop": 1 },
  { "en": "Igglybuff", "fr": "Toudoudou", "img": "174", "drop": 1 },
  { "en": "Togepi", "fr": "Togepi", "img": "175", "drop": 1 },
  { "en": "Togetic", "fr": "Togetic", "img": "176", "drop": 0.9 },
  { "en": "Natu", "fr": "Natu", "img": "177", "drop": 1 },
  { "en": "Xatu", "fr": "Xatu", "img": "178", "drop": 0.9 },
  { "en": "Mareep", "fr": "Wattouat", "img": "179", "drop": 1 },
  { "en": "Flaaffy", "fr": "Lainergie", "img": "180", "drop": 0.9 },
  { "en": "Ampharos", "fr": "Pharamp", "img": "181", "drop": 0.8, "mega": "181_f2" },
  { "en": "Bellossom", "fr": "Joliflor", "img": "182", "drop": 0.8 },
  { "en": "Marill", "fr": "Marill", "img": "183", "drop": 1 },
  { "en": "Azumarill", "fr": "Azumarill", "img": "184", "drop": 0.9 },
  { "en": "Sudowoodo", "fr": "Simularbre", "img": "185", "drop": 0.9 },
  { "en": "Politoed", "fr": "Tarpaud", "img": "186", "drop": 0.8 },
  { "en": "Hoppip", "fr": "Granivol", "img": "187", "drop": 1 },
  { "en": "Skiploom", "fr": "Floravol", "img": "188", "drop": 0.9 },
  { "en": "Jumpluff", "fr": "Cotovol", "img": "189", "drop": 0.8 },
  { "en": "Aipom", "fr": "Capumain", "img": "190", "drop": 1 },
  { "en": "Sunkern", "fr": "Tournegrin", "img": "191", "drop": 1 },
  { "en": "Sunflora", "fr": "Héliatronc", "img": "192", "drop": 0.9 },
  { "en": "Yanma", "fr": "Yanma", "img": "193", "drop": 1 },
  { "en": "Wooper", "fr": "Axoloto", "img": "194", "drop": 1 },
  { "en": "Quagsire", "fr": "Maraiste", "img": "195", "drop": 0.9 },
  { "en": "Espeon", "fr": "Mentali", "img": "196", "drop": 0.5 },
  { "en": "Umbreon", "fr": "Noctali", "img": "197", "drop": 0.5 },
  { "en": "Murkrow", "fr": "Cornèbre", "img": "198", "drop": 1 },
  { "en": "Slowking", "fr": "Roigada", "img": "199", "drop": 0.9, "galarian": null },
  { "en": "Misdreavus", "fr": "Feuforêve", "img": "200", "drop": 1 },
  { "en": "Unown", "fr": "Zarbi", "img": "201", "drop": 1 },
  { "en": "Wobbuffet", "fr": "Qulbutoké", "img": "202", "drop": 0.9 },
  { "en": "Girafarig", "fr": "Girafarig", "img": "203", "drop": 1 },
  { "en": "Pineco", "fr": "Pomdepik", "img": "204", "drop": 1 },
  { "en": "Forretress", "fr": "Foretress", "img": "205", "drop": 0.9 },
  { "en": "Dunsparce", "fr": "Insolourdo", "img": "206", "drop": 1 },
  { "en": "Gligar", "fr": "Scorplane", "img": "207", "drop": 1 },
  { "en": "Steelix", "fr": "Steelix", "img": "208", "drop": 0.9, "mega": "208_f2" },
  { "en": "Snubbull", "fr": "Snubbull", "img": "209", "drop": 1 },
  { "en": "Granbull", "fr": "Granbull", "img": "210", "drop": 0.9 },
  { "en": "Qwilfish", "fr": "Qwilfish", "img": "211", "drop": 1 }
]
