{
  "307815349699608577": [
    {
      "name": "Héliatronc",
      "caught": 3
    },
    {
      "name": "Insolourdo",
      "caught": 3
    },
    {
      "name": "Lamantine",
      "caught": 3
    },
    {
      "name": "Steelix",
      "caught": 3
    },
    {
      "name": "Akwakwak",
      "caught": 2
    },
    {
      "name": "Crustabri",
      "caught": 2
    },
    {
      "name": "Foretress",
      "caught": 2
    },
    {
      "name": "Fouinette",
      "caught": 2
    },
    {
      "name": "Girafarig",
      "caught": 2
    },
    {
      "name": "Grodoudou",
      "caught": 2
    },
    {
      "name": "Joliflor",
      "caught": 2
    },
    {
      "name": "Magnéti",
      "caught": 2
    },
    {
      "name": "Mélofée",
      "caught": 2
    },
    {
      "name": "Noadkoko",
      "caught": 2
    },
    {
      "name": "Noarfang",
      "caught": 2
    },
    {
      "name": "Ortide",
      "caught": 2
    },
    {
      "name": "Parasect",
      "caught": 2
    },
    {
      "name": "Persian",
      "caught": 2
    },
    {
      "name": "Pomdepik",
      "caught": 2
    },
    {
      "name": "Qulbutoké",
      "caught": 2
    },
    {
      "name": "Rattata",
      "caught": 2
    },
    {
      "name": "Reptincel",
      "caught": 2
    },
    {
      "name": "Rhinoféros",
      "caught": 2
    },
    {
      "name": "Roucoups",
      "caught": 2
    },
    {
      "name": "Togepi",
      "caught": 2
    },
    {
      "name": "Togetic",
      "caught": 2
    },
    {
      "name": "Zarbi",
      "caught": 2
    },
    {
      "name": "Abra",
      "caught": 1
    },
    {
      "name": "Alakazam",
      "caught": 1
    },
    {
      "name": "Amonistar",
      "caught": 1
    },
    {
      "name": "Arbok",
      "caught": 1
    },
    {
      "name": "Canarticho",
      "caught": 1
    },
    {
      "name": "Caninos",
      "caught": 1
    },
    {
      "name": "Carabaffe",
      "caught": 1
    },
    {
      "name": "Carapuce",
      "caught": 1
    },
    {
      "name": "Chétiflor",
      "caught": 1
    },
    {
      "name": "Cornèbre",
      "caught": 1
    },
    {
      "name": "Cotovol",
      "caught": 1
    },
    {
      "name": "Coxyclaque",
      "caught": 1
    },
    {
      "name": "Empiflor",
      "caught": 1
    },
    {
      "name": "Fantominus",
      "caught": 1
    },
    {
      "name": "Feunard",
      "caught": 1
    },
    {
      "name": "Feurisson",
      "caught": 1
    },
    {
      "name": "Flagadoss",
      "caught": 1
    },
    {
      "name": "Férossinge",
      "caught": 1
    },
    {
      "name": "Germignon",
      "caught": 1
    },
    {
      "name": "Herbizarre",
      "caught": 1
    },
    {
      "name": "Hoothoot",
      "caught": 1
    },
    {
      "name": "Hypnomade",
      "caught": 1
    },
    {
      "name": "Hypocéan",
      "caught": 1
    },
    {
      "name": "Hypotrempe",
      "caught": 1
    },
    {
      "name": "Insécateur",
      "caught": 1
    },
    {
      "name": "Kaiminus",
      "caught": 1
    },
    {
      "name": "Kokiyas",
      "caught": 1
    },
    {
      "name": "Lanturn",
      "caught": 1
    },
    {
      "name": "Lippoutou",
      "caught": 1
    },
    {
      "name": "Lokhlass",
      "caught": 1
    },
    {
      "name": "Loupio",
      "caught": 1
    },
    {
      "name": "M. Mime",
      "caught": 1
    },
    {
      "name": "Machopeur",
      "caught": 1
    },
    {
      "name": "Magnéton",
      "caught": 1
    },
    {
      "name": "Miaouss",
      "caught": 1
    },
    {
      "name": "Mimigal",
      "caught": 1
    },
    {
      "name": "Minidraco",
      "caught": 1
    },
    {
      "name": "Métamorph",
      "caught": 1
    },
    {
      "name": "Natu",
      "caught": 1
    },
    {
      "name": "Nidoqueen",
      "caught": 1
    },
    {
      "name": "Nidorina",
      "caught": 1
    },
    {
      "name": "Noeunoeuf",
      "caught": 1
    },
    {
      "name": "Nosferapti",
      "caught": 1
    },
    {
      "name": "Nostenfer",
      "caught": 1
    },
    {
      "name": "Onix",
      "caught": 1
    },
    {
      "name": "Papilusion",
      "caught": 1
    },
    {
      "name": "Pikachu",
      "caught": 1
    },
    {
      "name": "Poissirène",
      "caught": 1
    },
    {
      "name": "Poissoroy",
      "caught": 1
    },
    {
      "name": "Porygon",
      "caught": 1
    },
    {
      "name": "Rattatac",
      "caught": 1
    },
    {
      "name": "Roigada",
      "caught": 1
    },
    {
      "name": "Roucool",
      "caught": 1
    },
    {
      "name": "Sablaireau",
      "caught": 1
    },
    {
      "name": "Smogogo",
      "caught": 1
    },
    {
      "name": "Soporifik",
      "caught": 1
    },
    {
      "name": "Staross",
      "caught": 1
    },
    {
      "name": "Tarpaud",
      "caught": 1
    },
    {
      "name": "Taupiqueur",
      "caught": 1
    },
    {
      "name": "Tauros",
      "caught": 1
    },
    {
      "name": "Tentacool",
      "caught": 1
    },
    {
      "name": "Tentacruel",
      "caught": 1
    },
    {
      "name": "Toudoudou",
      "caught": 1
    },
    {
      "name": "Triopikeur",
      "caught": 1
    },
    {
      "name": "Têtarte",
      "caught": 1
    },
    {
      "name": "Voltorbe",
      "caught": 1
    },
    {
      "name": "Xatu",
      "caught": 1
    },
    {
      "name": "Yanma",
      "caught": 1
    },
    {
      "name": "Électrode",
      "caught": 1
    },
    {
      "name": "Évoli",
      "caught": 1
    }
  ],
  "679673968482975799": [
    {
      "name": "Chrysacier",
      "caught": 1
    }
  ],
  "638640935021838347": [
    {
      "name": "Chenipan",
      "caught": 2
    },
    {
      "name": "Chétiflor",
      "caught": 2
    },
    {
      "name": "Insolourdo",
      "caught": 2
    },
    {
      "name": "Kabutops",
      "caught": 2
    },
    {
      "name": "Salamèche",
      "caught": 2
    },
    {
      "name": "Taupiqueur",
      "caught": 2
    },
    {
      "name": "Électrode",
      "caught": 2
    },
    {
      "name": "Arcanin",
      "caught": 1
    },
    {
      "name": "Axoloto",
      "caught": 1
    },
    {
      "name": "Bulbizarre",
      "caught": 1
    },
    {
      "name": "Crustabri",
      "caught": 1
    },
    {
      "name": "Ectoplasma",
      "caught": 1
    },
    {
      "name": "Excelangue",
      "caught": 1
    },
    {
      "name": "Feurisson",
      "caught": 1
    },
    {
      "name": "Galopa",
      "caught": 1
    },
    {
      "name": "Hypocéan",
      "caught": 1
    },
    {
      "name": "Insécateur",
      "caught": 1
    },
    {
      "name": "Joliflor",
      "caught": 1
    },
    {
      "name": "Kabuto",
      "caught": 1
    },
    {
      "name": "Lanturn",
      "caught": 1
    },
    {
      "name": "Leveinard",
      "caught": 1
    },
    {
      "name": "M. Mime de Galar",
      "caught": 1
    },
    {
      "name": "Mystherbe",
      "caught": 1
    },
    {
      "name": "Mélodelfe",
      "caught": 1
    },
    {
      "name": "Nidoqueen",
      "caught": 1
    },
    {
      "name": "Nidorina",
      "caught": 1
    },
    {
      "name": "Ossatueur",
      "caught": 1
    },
    {
      "name": "Papilusion",
      "caught": 1
    },
    {
      "name": "Piafabec",
      "caught": 1
    },
    {
      "name": "Pichu",
      "caught": 1
    },
    {
      "name": "Poissirène",
      "caught": 1
    },
    {
      "name": "Pomdepik",
      "caught": 1
    },
    {
      "name": "Psykokwak",
      "caught": 1
    },
    {
      "name": "Ptéra",
      "caught": 1
    },
    {
      "name": "Qulbutoké",
      "caught": 1
    },
    {
      "name": "Qwilfish",
      "caught": 1
    },
    {
      "name": "Rondoudou",
      "caught": 1
    },
    {
      "name": "Sabelette",
      "caught": 1
    },
    {
      "name": "Sablaireau",
      "caught": 1
    },
    {
      "name": "Scarabrute",
      "caught": 1
    },
    {
      "name": "Scorplane",
      "caught": 1
    },
    {
      "name": "Snubbull",
      "caught": 1
    },
    {
      "name": "Soporifik",
      "caught": 1
    },
    {
      "name": "Steelix",
      "caught": 1
    },
    {
      "name": "Tarpaud",
      "caught": 1
    },
    {
      "name": "Tentacruel",
      "caught": 1
    },
    {
      "name": "Togetic",
      "caught": 1
    },
    {
      "name": "Toudoudou",
      "caught": 1
    },
    {
      "name": "Tournegrin",
      "caught": 1
    },
    {
      "name": "Triopikeur",
      "caught": 1
    }
  ],
  "685833203197411339": [
    {
      "name": "Aéromite",
      "caught": 2
    },
    {
      "name": "Insolourdo",
      "caught": 2
    },
    {
      "name": "Insécateur",
      "caught": 2
    },
    {
      "name": "Magnéton",
      "caught": 2
    },
    {
      "name": "Nidorino",
      "caught": 2
    },
    {
      "name": "Amonistar",
      "caught": 1
    },
    {
      "name": "Amonita",
      "caught": 1
    },
    {
      "name": "Bulbizarre",
      "caught": 1
    },
    {
      "name": "Fantominus",
      "caught": 1
    },
    {
      "name": "Feunard",
      "caught": 1
    },
    {
      "name": "Foretress",
      "caught": 1
    },
    {
      "name": "Galopa",
      "caught": 1
    },
    {
      "name": "Galopa de Galar",
      "caught": 1
    },
    {
      "name": "Goupix",
      "caught": 1
    },
    {
      "name": "Hypotrempe",
      "caught": 1
    },
    {
      "name": "Kabutops",
      "caught": 1
    },
    {
      "name": "Kokiyas",
      "caught": 1
    },
    {
      "name": "Leveinard",
      "caught": 1
    },
    {
      "name": "Loupio",
      "caught": 1
    },
    {
      "name": "Léviator",
      "caught": 1
    },
    {
      "name": "Nidoran♀",
      "caught": 1
    },
    {
      "name": "Nidoran♂",
      "caught": 1
    },
    {
      "name": "Otaria",
      "caught": 1
    },
    {
      "name": "Ponyta",
      "caught": 1
    },
    {
      "name": "Ponyta de Galar",
      "caught": 1
    },
    {
      "name": "Ptitard",
      "caught": 1
    },
    {
      "name": "Qulbutoké",
      "caught": 1
    },
    {
      "name": "Ramoloss",
      "caught": 1
    },
    {
      "name": "Rattatac",
      "caught": 1
    },
    {
      "name": "Roigada",
      "caught": 1
    },
    {
      "name": "Rondoudou",
      "caught": 1
    },
    {
      "name": "Roucarnage",
      "caught": 1
    },
    {
      "name": "Spectrum",
      "caught": 1
    },
    {
      "name": "Tadmorv",
      "caught": 1
    },
    {
      "name": "Wattouat",
      "caught": 1
    },
    {
      "name": "Yanma",
      "caught": 1
    }
  ],
  "408246564553752577": [
    {
      "name": "Mimigal",
      "caught": 1
    }
  ],
  "329576537323995138": [
    {
      "name": "Canarticho",
      "caught": 1
    },
    {
      "name": "Goupix",
      "caught": 1
    },
    {
      "name": "Poissirène",
      "caught": 1
    }
  ]
}