{
    "4": {
        "werewolves": 1,
        "villagers": 3
    },
    "5": {
        "werewolves": 1,
        "villagers": 4
    },
    "6": {
        "werewolves": 1,
        "villagers": 5
    },
    "7": {
        "werewolves": 2,
        "villagers": 5
    },
    "8": {
        "werewolves": 2,
        "villagers": 6
    },
    "9": {
        "werewolves": 2,
        "villagers": 7
    },
    "10": {
        "werewolves": 3,
        "villagers": 7
    },
    "11": {
        "werewolves": 3,
        "villagers": 9
    },
    "12": {
        "werewolves": 3,
        "villagers": 9
    },
    "13": {
        "werewolves": 3,
        "villagers": 10
    },
    "14": {
        "werewolves": 3,
        "villagers": 11
    },
    "15": {
        "werewolves": 4,
        "villagers": 11
    },
    "16": {
        "werewolves": 4,
        "villagers": 12
    },
    "villagerRoles": [
        "Villageois simple",
        "Sorcière",
        "Chasseur",
        "Petite fille",
        "Chaman",
        "Ange"
    ]
}